{"cameraMode":{"drawMode":0,"name":"Shaded","section":"Shading Mode"},"sceneLighting":false,"audioPlay":false,"sceneViewState":{"m_AlwaysRefresh":false,"showFog":true,"showSkybox":false,"showFlares":true,"showImageEffects":true,"showParticleSystems":true,"showVisualEffectGraphs":true,"m_FxEnabled":true},"in2DMode":false,"pivot":{"x":421.4871520996094,"y":260.7107849121094,"z":42.2037353515625},"rotation":{"x":0.010209184139966965,"y":-0.011706494726240635,"z":0.00010690679482650012,"w":0.9999471306800842},"size":275.2353210449219,"orthographic":false}