{"cameraMode":{"drawMode":0,"name":"Shaded","section":"Shading Mode"},"sceneLighting":true,"audioPlay":false,"sceneViewState":{"m_AlwaysRefresh":false,"showFog":true,"showSkybox":true,"showFlares":true,"showImageEffects":true,"showParticleSystems":true,"showVisualEffectGraphs":true,"m_FxEnabled":true},"in2DMode":false,"pivot":{"x":0.5108675360679627,"y":2.318838596343994,"z":1.6581525802612305},"rotation":{"x":-0.0030094755347818138,"y":0.0032984805293381216,"z":-7.055538731037814e-8,"w":-1.0000158548355103},"size":3.2190194129943849,"orthographic":false}